1,Illumina Color ORC-12,Concealer
2,Eljuda Emulsion +,Concealer
3,link Keratin shampoo 500ml,Oil
4,Geo wax solid hold,Oil
5,Patagonic Oil Iseberg Moist 100,Concealer
6,Mythic oil,Concealer
7,Igora Royal Pixam F Fiberplex Color N14,Concealer
8,Eljuda MO,Oil
9,Auravedic Vedic Repair Night Cream,Cream
10,BOROPLUS Doodh Kesar Body Lotion,Concealer
11,Boroplus Antiseptic Cream,Cream
12,Wella Illumina Color,Concealer
13,Garnier Skin Naturals BB Cream,Cream
14,Lakme 9 to 5 Complexion Care Face Cream,Cream
15,Blue Heaven Studio Perfection Primer,Concealer
16,Maybelline New York Fit Me Matte,Concealer
17,Lakme Rose Face Cream,Cream
18,Lotus Herbals Divine Dew Herbal Sindoor,Cream
19,Eljuda Grace on Serum,Oil
20,ANAP Color Treatment Candy Pink,Oil
21,Boroplus Doodh Kesar Body Lotion,Cream
22,BoroPlus Aloe Gel,Oil
23,ANAP Color Treatment Bubble Gum Purple,Oil
24,Colorbar Sindoor,Oil
25,Lakme Perfecting Liquid Foundation,Concealer
26,Faces Canada Weightless Stay Matte Compact Vitamin E,Cream
27,ANAP Color Treatment Bright Yellow,Concealer
28,Lakme Absolute Blur Perfect Makeup Primer,Makeup
29,Swiss Beauty Professional Liquid Concealer,Concealer
30,Maybelline New York Volume Express Colossal Masacara,Concealer
31,Swiss Beauty Baked Blusher & Highlighter,Concealer
32,Rsentera Most Beautiful Trending Concealer combo with Primer,Concealer
